Directory	ParentID	Filename	EntityID
Data/Gene Expression/Gene Expression scRNA seq/counts - CITEseq	 syn26560200	S33.zip	 syn24610356
Data/Gene Expression/Gene Expression scRNA seq/counts - scRNAseq	 syn24171157	S1.zip	 syn24610321
Data/Gene Expression/Gene Expression scRNA seq/counts - scRNAseq	 syn24171157	S10.zip	 syn24610331
Data/Gene Expression/Gene Expression scRNA seq/counts - scRNAseq	 syn24171157	S11.zip	 syn24610333
Data/Gene Expression/Gene Expression scRNA seq/counts - scRNAseq	 syn24171157	S12.zip	 syn24610334
Data/Gene Expression/Gene Expression scRNA seq/counts - scRNAseq	 syn24171157	S13.zip	 syn24610335
Data/Gene Expression/Gene Expression scRNA seq/counts - scRNAseq	 syn24171157	S14.zip	 syn24610337
Data/Gene Expression/Gene Expression scRNA seq/counts - scRNAseq	 syn24171157	S15.zip	 syn24610338
Data/Gene Expression/Gene Expression scRNA seq/counts - scRNAseq	 syn24171157	S16.zip	 syn24610339
Data/Gene Expression/Gene Expression scRNA seq/counts - scRNAseq	 syn24171157	S17.zip	 syn24610340
Data/Gene Expression/Gene Expression scRNA seq/counts - scRNAseq	 syn24171157	S18.zip	 syn24610341
Data/Gene Expression/Gene Expression scRNA seq/counts - scRNAseq	 syn24171157	S19.zip	 syn24610342
Data/Gene Expression/Gene Expression scRNA seq/counts - scRNAseq	 syn24171157	S2.zip	 syn24610322
Data/Gene Expression/Gene Expression scRNA seq/counts - scRNAseq	 syn24171157	S20.zip	 syn24610343
Data/Gene Expression/Gene Expression scRNA seq/counts - scRNAseq	 syn24171157	S21.zip	 syn24610344
Data/Gene Expression/Gene Expression scRNA seq/counts - scRNAseq	 syn24171157	S22.zip	 syn24610345
Data/Gene Expression/Gene Expression scRNA seq/counts - scRNAseq	 syn24171157	S23.zip	 syn24610346
Data/Gene Expression/Gene Expression scRNA seq/counts - scRNAseq	 syn24171157	S24.zip	 syn24610347
Data/Gene Expression/Gene Expression scRNA seq/counts - scRNAseq	 syn24171157	S25.zip	 syn24610348
Data/Gene Expression/Gene Expression scRNA seq/counts - scRNAseq	 syn24171157	S26.zip	 syn24610349
Data/Gene Expression/Gene Expression scRNA seq/counts - scRNAseq	 syn24171157	S27.zip	 syn24610350
Data/Gene Expression/Gene Expression scRNA seq/counts - scRNAseq	 syn24171157	S28.zip	 syn24610351
Data/Gene Expression/Gene Expression scRNA seq/counts - scRNAseq	 syn24171157	S29.zip	 syn24610352
Data/Gene Expression/Gene Expression scRNA seq/counts - scRNAseq	 syn24171157	S3.zip	 syn24610323
Data/Gene Expression/Gene Expression scRNA seq/counts - scRNAseq	 syn24171157	S30.zip	 syn24610353
Data/Gene Expression/Gene Expression scRNA seq/counts - scRNAseq	 syn24171157	S31.zip	 syn24610354
Data/Gene Expression/Gene Expression scRNA seq/counts - scRNAseq	 syn24171157	S32.zip	 syn24610355
Data/Gene Expression/Gene Expression scRNA seq/counts - scRNAseq	 syn24171157	S4.zip	 syn24610324
Data/Gene Expression/Gene Expression scRNA seq/counts - scRNAseq	 syn24171157	S5.zip	 syn24610325
Data/Gene Expression/Gene Expression scRNA seq/counts - scRNAseq	 syn24171157	S6.zip	 syn24610327
Data/Gene Expression/Gene Expression scRNA seq/counts - scRNAseq	 syn24171157	S7.zip	 syn24610328
Data/Gene Expression/Gene Expression scRNA seq/counts - scRNAseq	 syn24171157	S8.zip	 syn24610329
Data/Gene Expression/Gene Expression scRNA seq/counts - scRNAseq	 syn24171157	S9.zip	 syn24610330
Data/Gene Expression/Gene Expression scRNA seq/fastqs - CITEseq	 syn26560199	20190110-ADT-ATCACGAT_S29_L001_I1_001.fastq.gz	 syn26534563
Data/Gene Expression/Gene Expression scRNA seq/fastqs - CITEseq	 syn26560199	20190110-ADT-ATCACGAT_S29_L001_R1_001.fastq.gz	 syn26534582
Data/Gene Expression/Gene Expression scRNA seq/fastqs - CITEseq	 syn26560199	20190110-ADT-ATCACGAT_S29_L001_R2_001.fastq.gz	 syn26534579
Data/Gene Expression/Gene Expression scRNA seq/fastqs - CITEseq	 syn26560199	20190110-HTO-ATTACTCG_S30_L001_I1_001.fastq.gz	 syn26534567
Data/Gene Expression/Gene Expression scRNA seq/fastqs - CITEseq	 syn26560199	20190110-HTO-ATTACTCG_S30_L001_R1_001.fastq.gz	 syn26534585
Data/Gene Expression/Gene Expression scRNA seq/fastqs - CITEseq	 syn26560199	20190110-HTO-ATTACTCG_S30_L001_R2_001.fastq.gz	 syn26534584
Data/Gene Expression/Gene Expression scRNA seq/fastqs - CITEseq	 syn26560199	20190110-cDNA-AGCATCCG_S26_L001_I1_001.fastq.gz	 syn26534562
Data/Gene Expression/Gene Expression scRNA seq/fastqs - CITEseq	 syn26560199	20190110-cDNA-AGCATCCG_S26_L001_R1_001.fastq.gz	 syn26534575
Data/Gene Expression/Gene Expression scRNA seq/fastqs - CITEseq	 syn26560199	20190110-cDNA-AGCATCCG_S26_L001_R2_001.fastq.gz	 syn26534574
Data/Gene Expression/Gene Expression scRNA seq/fastqs - CITEseq	 syn26560199	20190110-cDNA-CCTCATTC_S25_L001_I1_001.fastq.gz	 syn26534565
Data/Gene Expression/Gene Expression scRNA seq/fastqs - CITEseq	 syn26560199	20190110-cDNA-CCTCATTC_S25_L001_R1_001.fastq.gz	 syn26534580
Data/Gene Expression/Gene Expression scRNA seq/fastqs - CITEseq	 syn26560199	20190110-cDNA-CCTCATTC_S25_L001_R2_001.fastq.gz	 syn26534576
Data/Gene Expression/Gene Expression scRNA seq/fastqs - CITEseq	 syn26560199	20190110-cDNA-GTGGCAAT_S27_L001_I1_001.fastq.gz	 syn26534564
Data/Gene Expression/Gene Expression scRNA seq/fastqs - CITEseq	 syn26560199	20190110-cDNA-GTGGCAAT_S27_L001_R1_001.fastq.gz	 syn26534578
Data/Gene Expression/Gene Expression scRNA seq/fastqs - CITEseq	 syn26560199	20190110-cDNA-GTGGCAAT_S27_L001_R2_001.fastq.gz	 syn26534577
Data/Gene Expression/Gene Expression scRNA seq/fastqs - CITEseq	 syn26560199	20190110-cDNA-TAATGGGA_S28_L001_I1_001.fastq.gz	 syn26534566
Data/Gene Expression/Gene Expression scRNA seq/fastqs - CITEseq	 syn26560199	20190110-cDNA-TAATGGGA_S28_L001_R1_001.fastq.gz	 syn26534573
Data/Gene Expression/Gene Expression scRNA seq/fastqs - CITEseq	 syn26560199	20190110-cDNA-TAATGGGA_S28_L001_R2_001.fastq.gz	 syn26534572
Data/Gene Expression/Gene Expression scRNA seq/fastqs - scRNAseq	 syn26560198	268_1970_positive_S4_L004_I1_001.fastq.gz	 syn26534419
Data/Gene Expression/Gene Expression scRNA seq/fastqs - scRNAseq	 syn26560198	268_1970_positive_S4_L004_R1_001.fastq.gz	 syn26534428
Data/Gene Expression/Gene Expression scRNA seq/fastqs - scRNAseq	 syn26560198	268_1970_positive_S4_L004_R2_001.fastq.gz	 syn26534444
Data/Gene Expression/Gene Expression scRNA seq/fastqs - scRNAseq	 syn26560198	271_1971_CD45positive_S1_L001_I1_001.fastq.gz	 syn26534424
Data/Gene Expression/Gene Expression scRNA seq/fastqs - scRNAseq	 syn26560198	271_1971_CD45positive_S1_L001_R1_001.fastq.gz	 syn26534431
Data/Gene Expression/Gene Expression scRNA seq/fastqs - scRNAseq	 syn26560198	271_1971_CD45positive_S1_L001_R2_001.fastq.gz	 syn26534446
Data/Gene Expression/Gene Expression scRNA seq/fastqs - scRNAseq	 syn26560198	286_1976_cells_positive_S3_L003_I1_001.fastq.gz	 syn26534420
Data/Gene Expression/Gene Expression scRNA seq/fastqs - scRNAseq	 syn26560198	286_1976_cells_positive_S3_L003_R1_001.fastq.gz	 syn26534427
Data/Gene Expression/Gene Expression scRNA seq/fastqs - scRNAseq	 syn26560198	286_1976_cells_positive_S3_L003_R2_001.fastq.gz	 syn26534441
Data/Gene Expression/Gene Expression scRNA seq/fastqs - scRNAseq	 syn26560198	289_005_positive_S4_L004_I1_001.fastq.gz	 syn26534426
Data/Gene Expression/Gene Expression scRNA seq/fastqs - scRNAseq	 syn26560198	289_005_positive_S4_L004_R1_001.fastq.gz	 syn26534430
Data/Gene Expression/Gene Expression scRNA seq/fastqs - scRNAseq	 syn26560198	289_005_positive_S4_L004_R2_001.fastq.gz	 syn26534445
Data/Gene Expression/Gene Expression scRNA seq/fastqs - scRNAseq	 syn26560198	293_008_cells_positive_S5_L005_I1_001.fastq.gz	 syn26534425
Data/Gene Expression/Gene Expression scRNA seq/fastqs - scRNAseq	 syn26560198	293_008_cells_positive_S5_L005_R1_001.fastq.gz	 syn26534429
Data/Gene Expression/Gene Expression scRNA seq/fastqs - scRNAseq	 syn26560198	293_008_cells_positive_S5_L005_R2_001.fastq.gz	 syn26534447
Data/Gene Expression/Gene Expression scRNA seq/fastqs - scRNAseq	 syn26560198	294_009_cells_positive_S1_L001_I1_001.fastq.gz	 syn26534423
Data/Gene Expression/Gene Expression scRNA seq/fastqs - scRNAseq	 syn26560198	294_009_cells_positive_S1_L001_R1_001.fastq.gz	 syn26534442
Data/Gene Expression/Gene Expression scRNA seq/fastqs - scRNAseq	 syn26560198	294_009_cells_positive_S1_L001_R2_001.fastq.gz	 syn26534458
Data/Gene Expression/Gene Expression scRNA seq/fastqs - scRNAseq	 syn26560198	299_166-cells-positive_S2_L002_I1_001.fastq.gz	 syn26534422
Data/Gene Expression/Gene Expression scRNA seq/fastqs - scRNAseq	 syn26560198	299_166-cells-positive_S2_L002_R1_001.fastq.gz	 syn26534440
Data/Gene Expression/Gene Expression scRNA seq/fastqs - scRNAseq	 syn26560198	299_166-cells-positive_S2_L002_R2_001.fastq.gz	 syn26534457
Data/Gene Expression/Gene Expression scRNA seq/fastqs - scRNAseq	 syn26560198	301_014-cells-positive_S3_L003_I1_001.fastq.gz	 syn26534421
Data/Gene Expression/Gene Expression scRNA seq/fastqs - scRNAseq	 syn26560198	301_014-cells-positive_S3_L003_R1_001.fastq.gz	 syn26534437
Data/Gene Expression/Gene Expression scRNA seq/fastqs - scRNAseq	 syn26560198	301_014-cells-positive_S3_L003_R2_001.fastq.gz	 syn26534456
Data/Gene Expression/Gene Expression scRNA seq/fastqs - scRNAseq	 syn26560198	303_1991-cells-positive_S4_L004_I1_001.fastq.gz	 syn26534432
Data/Gene Expression/Gene Expression scRNA seq/fastqs - scRNAseq	 syn26560198	303_1991-cells-positive_S4_L004_R1_001.fastq.gz	 syn26534439
Data/Gene Expression/Gene Expression scRNA seq/fastqs - scRNAseq	 syn26560198	303_1991-cells-positive_S4_L004_R2_001.fastq.gz	 syn26534453
Data/Gene Expression/Gene Expression scRNA seq/fastqs - scRNAseq	 syn26560198	305_015-cells-positive_S5_L005_I1_001.fastq.gz	 syn26534433
Data/Gene Expression/Gene Expression scRNA seq/fastqs - scRNAseq	 syn26560198	305_015-cells-positive_S5_L005_R1_001.fastq.gz	 syn26534452
Data/Gene Expression/Gene Expression scRNA seq/fastqs - scRNAseq	 syn26560198	305_015-cells-positive_S5_L005_R2_001.fastq.gz	 syn26534462
Data/Gene Expression/Gene Expression scRNA seq/fastqs - scRNAseq	 syn26560198	325_2013_CD45_positive_S1_L001_I1_001.fastq.gz	 syn26534434
Data/Gene Expression/Gene Expression scRNA seq/fastqs - scRNAseq	 syn26560198	325_2013_CD45_positive_S1_L001_R1_001.fastq.gz	 syn26534450
Data/Gene Expression/Gene Expression scRNA seq/fastqs - scRNAseq	 syn26560198	325_2013_CD45_positive_S1_L001_R2_001.fastq.gz	 syn26534459
Data/Gene Expression/Gene Expression scRNA seq/fastqs - scRNAseq	 syn26560198	339_23_pos_cells_S3_L003_I1_001.fastq.gz	 syn26534435
Data/Gene Expression/Gene Expression scRNA seq/fastqs - scRNAseq	 syn26560198	339_23_pos_cells_S3_L003_R1_001.fastq.gz	 syn26534451
Data/Gene Expression/Gene Expression scRNA seq/fastqs - scRNAseq	 syn26560198	339_23_pos_cells_S3_L003_R2_001.fastq.gz	 syn26534465
Data/Gene Expression/Gene Expression scRNA seq/fastqs - scRNAseq	 syn26560198	345_2017-CD45_pos_S4_L004_I1_001.fastq.gz	 syn26534436
Data/Gene Expression/Gene Expression scRNA seq/fastqs - scRNAseq	 syn26560198	345_2017-CD45_pos_S4_L004_R1_001.fastq.gz	 syn26534460
Data/Gene Expression/Gene Expression scRNA seq/fastqs - scRNAseq	 syn26560198	345_2017-CD45_pos_S4_L004_R2_001.fastq.gz	 syn26534464
Data/Gene Expression/Gene Expression scRNA seq/fastqs - scRNAseq	 syn26560198	346_2019_CD45_pos_S1_L001_I1_001.fastq.gz	 syn26534438
Data/Gene Expression/Gene Expression scRNA seq/fastqs - scRNAseq	 syn26560198	346_2019_CD45_pos_S1_L001_R1_001.fastq.gz	 syn26534448
Data/Gene Expression/Gene Expression scRNA seq/fastqs - scRNAseq	 syn26560198	346_2019_CD45_pos_S1_L001_R2_001.fastq.gz	 syn26534463
Data/Gene Expression/Gene Expression scRNA seq/fastqs - scRNAseq	 syn26560198	355_2015_CD45_pos_S4_L004_I1_001.fastq.gz	 syn26534454
Data/Gene Expression/Gene Expression scRNA seq/fastqs - scRNAseq	 syn26560198	355_2015_CD45_pos_S4_L004_R1_001.fastq.gz	 syn26534449
Data/Gene Expression/Gene Expression scRNA seq/fastqs - scRNAseq	 syn26560198	355_2015_CD45_pos_S4_L004_R2_001.fastq.gz	 syn26534455
Data/Gene Expression/Gene Expression scRNA seq/fastqs - scRNAseq	 syn26560198	356_CK030_corticol-CD45-pos_S1_L001_I1_001.fastq.gz	 syn26534466
Data/Gene Expression/Gene Expression scRNA seq/fastqs - scRNAseq	 syn26560198	356_CK030_corticol-CD45-pos_S1_L001_R1_001.fastq.gz	 syn26534461
Data/Gene Expression/Gene Expression scRNA seq/fastqs - scRNAseq	 syn26560198	356_CK030_corticol-CD45-pos_S1_L001_R2_001.fastq.gz	 syn26534485
Data/Gene Expression/Gene Expression scRNA seq/fastqs - scRNAseq	 syn26560198	362_CK031_cortex_CD45-pos_S2_L002_I1_001.fastq.gz	 syn26534467
Data/Gene Expression/Gene Expression scRNA seq/fastqs - scRNAseq	 syn26560198	362_CK031_cortex_CD45-pos_S2_L002_R1_001.fastq.gz	 syn26534474
Data/Gene Expression/Gene Expression scRNA seq/fastqs - scRNAseq	 syn26560198	362_CK031_cortex_CD45-pos_S2_L002_R2_001.fastq.gz	 syn26534484
Data/Gene Expression/Gene Expression scRNA seq/fastqs - scRNAseq	 syn26560198	363_VA_2028-pos_S3_L003_I1_001.fastq.gz	 syn26534468
Data/Gene Expression/Gene Expression scRNA seq/fastqs - scRNAseq	 syn26560198	363_VA_2028-pos_S3_L003_R1_001.fastq.gz	 syn26534472
Data/Gene Expression/Gene Expression scRNA seq/fastqs - scRNAseq	 syn26560198	363_VA_2028-pos_S3_L003_R2_001.fastq.gz	 syn26534483
Data/Gene Expression/Gene Expression scRNA seq/fastqs - scRNAseq	 syn26560198	364_2030-CD45-pos_S4_L004_I1_001.fastq.gz	 syn26534469
Data/Gene Expression/Gene Expression scRNA seq/fastqs - scRNAseq	 syn26560198	364_2030-CD45-pos_S4_L004_R1_001.fastq.gz	 syn26534471
Data/Gene Expression/Gene Expression scRNA seq/fastqs - scRNAseq	 syn26560198	364_2030-CD45-pos_S4_L004_R2_001.fastq.gz	 syn26534481
Data/Gene Expression/Gene Expression scRNA seq/fastqs - scRNAseq	 syn26560198	365_CK033_S5_L005_I1_001.fastq.gz	 syn26534475
Data/Gene Expression/Gene Expression scRNA seq/fastqs - scRNAseq	 syn26560198	365_CK033_S5_L005_R1_001.fastq.gz	 syn26534470
Data/Gene Expression/Gene Expression scRNA seq/fastqs - scRNAseq	 syn26560198	365_CK033_S5_L005_R2_001.fastq.gz	 syn26534487
Data/Gene Expression/Gene Expression scRNA seq/fastqs - scRNAseq	 syn26560198	366_1996T_CD45-pos_S6_L006_I1_001.fastq.gz	 syn26534488
Data/Gene Expression/Gene Expression scRNA seq/fastqs - scRNAseq	 syn26560198	366_1996T_CD45-pos_S6_L006_R1_001.fastq.gz	 syn26534482
Data/Gene Expression/Gene Expression scRNA seq/fastqs - scRNAseq	 syn26560198	366_1996T_CD45-pos_S6_L006_R2_001.fastq.gz	 syn26534486
Data/Gene Expression/Gene Expression scRNA seq/fastqs - scRNAseq	 syn26560198	367_2037-CD45-pos_S7_L007_I1_001.fastq.gz	 syn26534489
Data/Gene Expression/Gene Expression scRNA seq/fastqs - scRNAseq	 syn26560198	367_2037-CD45-pos_S7_L007_R1_001.fastq.gz	 syn26534497
Data/Gene Expression/Gene Expression scRNA seq/fastqs - scRNAseq	 syn26560198	367_2037-CD45-pos_S7_L007_R2_001.fastq.gz	 syn26534507
Data/Gene Expression/Gene Expression scRNA seq/fastqs - scRNAseq	 syn26560198	369_182_positive_S8_L008_I1_001.fastq.gz	 syn26534491
Data/Gene Expression/Gene Expression scRNA seq/fastqs - scRNAseq	 syn26560198	369_182_positive_S8_L008_R1_001.fastq.gz	 syn26534499
Data/Gene Expression/Gene Expression scRNA seq/fastqs - scRNAseq	 syn26560198	369_182_positive_S8_L008_R2_001.fastq.gz	 syn26534508
Data/Gene Expression/Gene Expression scRNA seq/fastqs - scRNAseq	 syn26560198	375_VA_2028_pos_S3_L003_I1_001.fastq.gz	 syn26534490
Data/Gene Expression/Gene Expression scRNA seq/fastqs - scRNAseq	 syn26560198	375_VA_2028_pos_S3_L003_R1_001.fastq.gz	 syn26534495
Data/Gene Expression/Gene Expression scRNA seq/fastqs - scRNAseq	 syn26560198	375_VA_2028_pos_S3_L003_R2_001.fastq.gz	 syn26534506
Data/Gene Expression/Gene Expression scRNA seq/fastqs - scRNAseq	 syn26560198	376_2030_CD45_pos_S4_L004_I1_001.fastq.gz	 syn26534570
Data/Gene Expression/Gene Expression scRNA seq/fastqs - scRNAseq	 syn26560198	376_2030_CD45_pos_S4_L004_R1_001.fastq.gz	 syn26534581
Data/Gene Expression/Gene Expression scRNA seq/fastqs - scRNAseq	 syn26560198	376_2030_CD45_pos_S4_L004_R2_001.fastq.gz	 syn26534586
Data/Gene Expression/Gene Expression scRNA seq/fastqs - scRNAseq	 syn26560198	381_BC_155_Tumor_CD45pos_S1_L001_I1_001.fastq.gz	 syn26534571
Data/Gene Expression/Gene Expression scRNA seq/fastqs - scRNAseq	 syn26560198	381_BC_155_Tumor_CD45pos_S1_L001_R1_001.fastq.gz	 syn26534583
Data/Gene Expression/Gene Expression scRNA seq/fastqs - scRNAseq	 syn26560198	381_BC_155_Tumor_CD45pos_S1_L001_R2_001.fastq.gz	 syn26534587
Data/Gene Expression/Gene Expression scRNA seq/fastqs - scRNAseq	 syn26560198	383_sample_cell_line_553_S3_L003_I1_001.fastq.gz	 syn26534494
Data/Gene Expression/Gene Expression scRNA seq/fastqs - scRNAseq	 syn26560198	383_sample_cell_line_553_S3_L003_R1_001.fastq.gz	 syn26534502
Data/Gene Expression/Gene Expression scRNA seq/fastqs - scRNAseq	 syn26560198	383_sample_cell_line_553_S3_L003_R2_001.fastq.gz	 syn26534509
Data/Gene Expression/Gene Expression scRNA seq/fastqs - scRNAseq	 syn26560198	CK-045-CD45-scRNAseq-3-ACAAGGTA_S54_L002_I1_001.fastq.gz	 syn26534518
Data/Gene Expression/Gene Expression scRNA seq/fastqs - scRNAseq	 syn26560198	CK-045-CD45-scRNAseq-3-ACAAGGTA_S54_L002_R1_001.fastq.gz	 syn26534540
Data/Gene Expression/Gene Expression scRNA seq/fastqs - scRNAseq	 syn26560198	CK-045-CD45-scRNAseq-3-ACAAGGTA_S54_L002_R2_001.fastq.gz	 syn26534537
Data/Gene Expression/Gene Expression scRNA seq/fastqs - scRNAseq	 syn26560198	CK-045-CD45-scRNAseq-3-CGTCCCGT_S55_L002_I1_001.fastq.gz	 syn26534519
Data/Gene Expression/Gene Expression scRNA seq/fastqs - scRNAseq	 syn26560198	CK-045-CD45-scRNAseq-3-CGTCCCGT_S55_L002_R1_001.fastq.gz	 syn26534538
Data/Gene Expression/Gene Expression scRNA seq/fastqs - scRNAseq	 syn26560198	CK-045-CD45-scRNAseq-3-CGTCCCGT_S55_L002_R2_001.fastq.gz	 syn26534536
Data/Gene Expression/Gene Expression scRNA seq/fastqs - scRNAseq	 syn26560198	CK-045-CD45-scRNAseq-3-GTGGTACC_S52_L002_I1_001.fastq.gz	 syn26534521
Data/Gene Expression/Gene Expression scRNA seq/fastqs - scRNAseq	 syn26560198	CK-045-CD45-scRNAseq-3-GTGGTACC_S52_L002_R1_001.fastq.gz	 syn26534544
Data/Gene Expression/Gene Expression scRNA seq/fastqs - scRNAseq	 syn26560198	CK-045-CD45-scRNAseq-3-GTGGTACC_S52_L002_R2_001.fastq.gz	 syn26534542
Data/Gene Expression/Gene Expression scRNA seq/fastqs - scRNAseq	 syn26560198	CK-045-CD45-scRNAseq-3-TACTATAG_S53_L002_I1_001.fastq.gz	 syn26534523
Data/Gene Expression/Gene Expression scRNA seq/fastqs - scRNAseq	 syn26560198	CK-045-CD45-scRNAseq-3-TACTATAG_S53_L002_R1_001.fastq.gz	 syn26534546
Data/Gene Expression/Gene Expression scRNA seq/fastqs - scRNAseq	 syn26560198	CK-045-CD45-scRNAseq-3-TACTATAG_S53_L002_R2_001.fastq.gz	 syn26534545
Data/Gene Expression/Gene Expression scRNA seq/fastqs - scRNAseq	 syn26560198	CL402JF_S1_L001_I1_001.fastq.gz	 syn26534492
Data/Gene Expression/Gene Expression scRNA seq/fastqs - scRNAseq	 syn26560198	CL402JF_S1_L001_R1_001.fastq.gz	 syn26534501
Data/Gene Expression/Gene Expression scRNA seq/fastqs - scRNAseq	 syn26560198	CL402JF_S1_L001_R2_001.fastq.gz	 syn26534504
Data/Gene Expression/Gene Expression scRNA seq/fastqs - scRNAseq	 syn26560198	CL402JF_S1_L002_I1_001.fastq.gz	 syn26534514
Data/Gene Expression/Gene Expression scRNA seq/fastqs - scRNAseq	 syn26560198	CL402JF_S1_L002_R1_001.fastq.gz	 syn26534500
Data/Gene Expression/Gene Expression scRNA seq/fastqs - scRNAseq	 syn26560198	CL402JF_S1_L002_R2_001.fastq.gz	 syn26534512
Data/Gene Expression/Gene Expression scRNA seq/fastqs - scRNAseq	 syn26560198	CL402JF_S1_L003_I1_001.fastq.gz	 syn26534510
Data/Gene Expression/Gene Expression scRNA seq/fastqs - scRNAseq	 syn26560198	CL402JF_S1_L003_R1_001.fastq.gz	 syn26534503
Data/Gene Expression/Gene Expression scRNA seq/fastqs - scRNAseq	 syn26560198	CL402JF_S1_L003_R2_001.fastq.gz	 syn26534505
Data/Gene Expression/Gene Expression scRNA seq/fastqs - scRNAseq	 syn26560198	CL402JF_S1_L004_I1_001.fastq.gz	 syn26534493
Data/Gene Expression/Gene Expression scRNA seq/fastqs - scRNAseq	 syn26560198	CL402JF_S1_L004_R1_001.fastq.gz	 syn26534511
Data/Gene Expression/Gene Expression scRNA seq/fastqs - scRNAseq	 syn26560198	CL402JF_S1_L004_R2_001.fastq.gz	 syn26534530
Data/Gene Expression/Gene Expression scRNA seq/fastqs - scRNAseq	 syn26560198	VA-2058-CD45-10x-3-ATCTCTGT_S45_L002_I1_001.fastq.gz	 syn26534516
Data/Gene Expression/Gene Expression scRNA seq/fastqs - scRNAseq	 syn26560198	VA-2058-CD45-10x-3-ATCTCTGT_S45_L002_R1_001.fastq.gz	 syn26534534
Data/Gene Expression/Gene Expression scRNA seq/fastqs - scRNAseq	 syn26560198	VA-2058-CD45-10x-3-ATCTCTGT_S45_L002_R2_001.fastq.gz	 syn26534529
Data/Gene Expression/Gene Expression scRNA seq/fastqs - scRNAseq	 syn26560198	VA-2058-CD45-10x-3-CCTAGACC_S44_L002_I1_001.fastq.gz	 syn26534513
Data/Gene Expression/Gene Expression scRNA seq/fastqs - scRNAseq	 syn26560198	VA-2058-CD45-10x-3-CCTAGACC_S44_L002_R1_001.fastq.gz	 syn26534533
Data/Gene Expression/Gene Expression scRNA seq/fastqs - scRNAseq	 syn26560198	VA-2058-CD45-10x-3-CCTAGACC_S44_L002_R2_001.fastq.gz	 syn26534531
Data/Gene Expression/Gene Expression scRNA seq/fastqs - scRNAseq	 syn26560198	VA-2058-CD45-10x-3-GGAGAGAG_S47_L002_I1_001.fastq.gz	 syn26534515
Data/Gene Expression/Gene Expression scRNA seq/fastqs - scRNAseq	 syn26560198	VA-2058-CD45-10x-3-GGAGAGAG_S47_L002_R1_001.fastq.gz	 syn26534522
Data/Gene Expression/Gene Expression scRNA seq/fastqs - scRNAseq	 syn26560198	VA-2058-CD45-10x-3-GGAGAGAG_S47_L002_R2_001.fastq.gz	 syn26534520
Data/Gene Expression/Gene Expression scRNA seq/fastqs - scRNAseq	 syn26560198	VA-2058-CD45-10x-3-TAGCTCTA_S46_L002_I1_001.fastq.gz	 syn26534517
Data/Gene Expression/Gene Expression scRNA seq/fastqs - scRNAseq	 syn26560198	VA-2058-CD45-10x-3-TAGCTCTA_S46_L002_R1_001.fastq.gz	 syn26534535
Data/Gene Expression/Gene Expression scRNA seq/fastqs - scRNAseq	 syn26560198	VA-2058-CD45-10x-3-TAGCTCTA_S46_L002_R2_001.fastq.gz	 syn26534532
Data/Gene Expression/Gene Expression scRNA seq/fastqs - scRNAseq	 syn26560198	VA-2064-CD45-10x-3-ATCATGCA_S50_L002_I1_001.fastq.gz	 syn26534524
Data/Gene Expression/Gene Expression scRNA seq/fastqs - scRNAseq	 syn26560198	VA-2064-CD45-10x-3-ATCATGCA_S50_L002_R1_001.fastq.gz	 syn26534551
Data/Gene Expression/Gene Expression scRNA seq/fastqs - scRNAseq	 syn26560198	VA-2064-CD45-10x-3-ATCATGCA_S50_L002_R2_001.fastq.gz	 syn26534548
Data/Gene Expression/Gene Expression scRNA seq/fastqs - scRNAseq	 syn26560198	VA-2064-CD45-10x-3-CCGGGTAT_S51_L002_I1_001.fastq.gz	 syn26534525
Data/Gene Expression/Gene Expression scRNA seq/fastqs - scRNAseq	 syn26560198	VA-2064-CD45-10x-3-CCGGGTAT_S51_L002_R1_001.fastq.gz	 syn26534549
Data/Gene Expression/Gene Expression scRNA seq/fastqs - scRNAseq	 syn26560198	VA-2064-CD45-10x-3-CCGGGTAT_S51_L002_R2_001.fastq.gz	 syn26534547
Data/Gene Expression/Gene Expression scRNA seq/fastqs - scRNAseq	 syn26560198	VA-2064-CD45-10x-3-GGTTCCTC_S49_L002_I1_001.fastq.gz	 syn26534527
Data/Gene Expression/Gene Expression scRNA seq/fastqs - scRNAseq	 syn26560198	VA-2064-CD45-10x-3-GGTTCCTC_S49_L002_R1_001.fastq.gz	 syn26534556
Data/Gene Expression/Gene Expression scRNA seq/fastqs - scRNAseq	 syn26560198	VA-2064-CD45-10x-3-GGTTCCTC_S49_L002_R2_001.fastq.gz	 syn26534555
Data/Gene Expression/Gene Expression scRNA seq/fastqs - scRNAseq	 syn26560198	VA-2064-CD45-10x-3-TAACAAGG_S48_L002_I1_001.fastq.gz	 syn26534528
Data/Gene Expression/Gene Expression scRNA seq/fastqs - scRNAseq	 syn26560198	VA-2064-CD45-10x-3-TAACAAGG_S48_L002_R1_001.fastq.gz	 syn26534553
Data/Gene Expression/Gene Expression scRNA seq/fastqs - scRNAseq	 syn26560198	VA-2064-CD45-10x-3-TAACAAGG_S48_L002_R2_001.fastq.gz	 syn26534550
Data/Gene Expression/Gene Expression scRNA seq/fastqs - scRNAseq	 syn26560198	VA-2065-CD45-10x-3-AGGTATTG_S56_L002_I1_001.fastq.gz	 syn26534526
Data/Gene Expression/Gene Expression scRNA seq/fastqs - scRNAseq	 syn26560198	VA-2065-CD45-10x-3-AGGTATTG_S56_L002_R1_001.fastq.gz	 syn26534541
Data/Gene Expression/Gene Expression scRNA seq/fastqs - scRNAseq	 syn26560198	VA-2065-CD45-10x-3-AGGTATTG_S56_L002_R2_001.fastq.gz	 syn26534539
Data/Gene Expression/Gene Expression scRNA seq/fastqs - scRNAseq	 syn26560198	VA-2065-CD45-10x-3-CTCCTAGT_S57_L002_I1_001.fastq.gz	 syn26534543
Data/Gene Expression/Gene Expression scRNA seq/fastqs - scRNAseq	 syn26560198	VA-2065-CD45-10x-3-CTCCTAGT_S57_L002_R1_001.fastq.gz	 syn26534552
Data/Gene Expression/Gene Expression scRNA seq/fastqs - scRNAseq	 syn26560198	VA-2065-CD45-10x-3-CTCCTAGT_S57_L002_R2_001.fastq.gz	 syn26534558
Data/Gene Expression/Gene Expression scRNA seq/fastqs - scRNAseq	 syn26560198	VA-2065-CD45-10x-3-GATGCCAA_S59_L002_I1_001.fastq.gz	 syn26534557
Data/Gene Expression/Gene Expression scRNA seq/fastqs - scRNAseq	 syn26560198	VA-2065-CD45-10x-3-GATGCCAA_S59_L002_R1_001.fastq.gz	 syn26534559
Data/Gene Expression/Gene Expression scRNA seq/fastqs - scRNAseq	 syn26560198	VA-2065-CD45-10x-3-GATGCCAA_S59_L002_R2_001.fastq.gz	 syn26534561
Data/Gene Expression/Gene Expression scRNA seq/fastqs - scRNAseq	 syn26560198	VA-2065-CD45-10x-3-TCAAGGCC_S58_L002_I1_001.fastq.gz	 syn26534560
Data/Gene Expression/Gene Expression scRNA seq/fastqs - scRNAseq	 syn26560198	VA-2065-CD45-10x-3-TCAAGGCC_S58_L002_R1_001.fastq.gz	 syn26534569
Data/Gene Expression/Gene Expression scRNA seq/fastqs - scRNAseq	 syn26560198	VA-2065-CD45-10x-3-TCAAGGCC_S58_L002_R2_001.fastq.gz	 syn26534568
Data/Metadata	 syn24168324	HBI_scRNAseq_assay_scrnaSeq_metadata.csv	 syn24610436
Data/Metadata	 syn24168324	HBI_scRNAseq_biospecimen_metadata.csv	 syn24610438
Data/Metadata	 syn24168324	HBI_scRNAseq_individual_metadata.csv	 syn24610550
